{
  "controller": "p",
  "controller_parameters": {
    "kp": 0.1
  },
  "hold": 12,
  "metrics": {
    "final_error": -4.263256414560601e-14,
    "mae": 0.18853725054591308,
    "max_abs_command_change": 35.2,
    "max_abs_error": 4.603072000000012,
    "mean_abs_command_change": 2.494915254228768,
    "mean_error": 0.056630989846506455,
    "n": 60,
    "rmse": 0.7312995588765588,
    "saturation_count": 12,
    "saturation_fraction": 0.2
  },
  "plant": "transition",
  "plant_parameters": {
    "a": 0.143846,
    "b": 0.856154,
    "unity": false
  },
  "profile": "multistep",
  "safe_bounds": {
    "u_max": 128.0,
    "u_min": 32.0
  },
  "stage": "v0.11.0-throughput-controller-prototype"
}
