{
  "csv_path": "data/raw/v0.8.0/v0.8.0-M2-D128-64/collect_csv.csv",
  "global_metrics": {
    "err_per_sec": {
      "count": 108,
      "max": 0.0,
      "mean": 0.0,
      "min": 0.0,
      "std": 0.0
    },
    "inflight": {
      "count": 108,
      "max": 1.0,
      "mean": 0.2962962962962963,
      "min": 0.0,
      "std": 0.45875205078375825
    },
    "lat_p99": {
      "count": 0,
      "max": null,
      "mean": null,
      "min": null,
      "std": null
    }
  },
  "post_step": {
    "final_window_samples": 10,
    "final_window_u_ach": {
      "count": 10,
      "max": 64.120951,
      "mean": 64.0038327,
      "min": 63.819092,
      "std": 0.09958494536720557
    },
    "rows": 54,
    "u_ach": {
      "count": 54,
      "max": 73.161332,
      "mean": 64.17177987037037,
      "min": 63.819092,
      "std": 1.2494250956687976
    }
  },
  "pre_step": {
    "rows": 54,
    "u_ach": {
      "count": 54,
      "max": 128.205343,
      "mean": 128.00423049999998,
      "min": 127.857048,
      "std": 0.09893877439289206
    }
  },
  "quality_verdict": {
    "status": "PASS",
    "warnings": [
      "lat_p99 missing in collect_csv output"
    ]
  },
  "response_metrics": {
    "consecutive_samples_required": 3,
    "final_tracking_error": -0.003832700000003797,
    "overshoot_abs": 9.161332000000002,
    "settling_time_seconds": 5.01400000000001,
    "tolerance_abs": 1.0,
    "undershoot_abs": 0.1809080000000023
  },
  "rows": 108,
  "run_id": "v0.8.0-M2-D128-64",
  "step": {
    "first_post_step_u_ach": 73.161332,
    "initial_post_step_error": -9.161332000000002,
    "new_level": 64.0,
    "old_level": 128.0,
    "step_row_index": 54,
    "step_time_seconds": 330.717
  },
  "transitions": [
    {
      "row_index": 0,
      "t_sec": 30.089,
      "u_ach": 128.0,
      "u_cmd": 128.0
    },
    {
      "row_index": 54,
      "t_sec": 330.717,
      "u_ach": 73.161332,
      "u_cmd": 64.0
    }
  ]
}