{
  "analysis_window": {
    "metrics": {
      "err_per_sec": {
        "count": 175,
        "max": 0.0,
        "mean": 0.0,
        "min": 0.0,
        "missing": 0,
        "std": 0.0
      },
      "inflight": {
        "count": 175,
        "max": 1.0,
        "mean": 0.08,
        "min": 0.0,
        "missing": 0,
        "std": 0.27207166060754495
      },
      "lat_p99": {
        "count": 0,
        "max": null,
        "mean": null,
        "min": null,
        "missing": 175,
        "std": null
      },
      "sent_total": {
        "count": 175,
        "max": 224983.0,
        "mean": 211032.91428571427,
        "min": 197082.0,
        "missing": 0,
        "std": 8123.9509058214435
      },
      "u_ach": {
        "count": 175,
        "max": 32.157266,
        "mean": 31.999225765714286,
        "min": 31.900064,
        "missing": 0,
        "std": 0.09520987221256078
      },
      "u_cmd": {
        "count": 175,
        "max": 32.0,
        "mean": 32.0,
        "min": 32.0,
        "missing": 0,
        "std": 0.0
      }
    },
    "rows": 175,
    "time": {
      "duration_seconds": 871.918,
      "interval_count": 174,
      "interval_max_seconds": 5.015999999999991,
      "interval_mean_seconds": 5.011022988505748,
      "interval_min_seconds": 5.0049999999999955,
      "t_sec_first": 30.1,
      "t_sec_last": 902.018
    },
    "warmup_exclusion_seconds": 30.0,
    "window_name": "analysis_window"
  },
  "columns": [
    "t_iso",
    "t_sec",
    "u_cmd",
    "sent_total",
    "u_ach",
    "lat_p99",
    "inflight",
    "err_per_sec"
  ],
  "csv_path": "data/raw/v0.8.0/v0.8.0-M0-L32-R2/collect_csv.csv",
  "full_window": {
    "metrics": {
      "err_per_sec": {
        "count": 181,
        "max": 0.0,
        "mean": 0.0,
        "min": 0.0,
        "missing": 0,
        "std": 0.0
      },
      "inflight": {
        "count": 181,
        "max": 1.0,
        "mean": 0.07734806629834254,
        "min": 0.0,
        "missing": 0,
        "std": 0.2678839619418909
      },
      "lat_p99": {
        "count": 0,
        "max": null,
        "mean": null,
        "min": null,
        "missing": 181,
        "std": null
      },
      "sent_total": {
        "count": 181,
        "max": 224983.0,
        "mean": 210551.85082872928,
        "min": 196120.0,
        "missing": 0,
        "std": 8401.692382745929
      },
      "u_ach": {
        "count": 181,
        "max": 32.157266,
        "mean": 31.99951533149171,
        "min": 31.900064,
        "missing": 0,
        "std": 0.09490735729647423
      },
      "u_cmd": {
        "count": 181,
        "max": 32.0,
        "mean": 32.0,
        "min": 32.0,
        "missing": 0,
        "std": 0.0
      }
    },
    "rows": 181,
    "time": {
      "duration_seconds": 901.985,
      "interval_count": 180,
      "interval_max_seconds": 5.015999999999991,
      "interval_mean_seconds": 5.011027777777778,
      "interval_min_seconds": 5.0049999999999955,
      "t_sec_first": 0.033,
      "t_sec_last": 902.018
    },
    "warmup_exclusion_seconds": 0.0,
    "window_name": "full_window"
  },
  "quality_verdict": {
    "status": "PASS",
    "warnings": [
      "non-zero inflight observed",
      "lat_p99 missing in collect_csv output"
    ]
  },
  "rows": 181,
  "run_id": "v0.8.0-M0-L32-R2"
}