{
  "csv_path": "data/raw/v0.8.0/v0.8.0-M2-D64-32/collect_csv.csv",
  "global_metrics": {
    "err_per_sec": {
      "count": 108,
      "max": 0.0,
      "mean": 0.0,
      "min": 0.0,
      "std": 0.0
    },
    "inflight": {
      "count": 108,
      "max": 1.0,
      "mean": 0.12037037037037036,
      "min": 0.0,
      "std": 0.32691113407342054
    },
    "lat_p99": {
      "count": 0,
      "max": null,
      "mean": null,
      "min": null,
      "std": null
    }
  },
  "post_step": {
    "final_window_samples": 10,
    "final_window_u_ach": {
      "count": 10,
      "max": 32.130739,
      "mean": 32.011984999999996,
      "min": 31.896791,
      "std": 0.10972105334691114
    },
    "rows": 54,
    "u_ach": {
      "count": 54,
      "max": 36.600981,
      "mean": 32.08534159259259,
      "min": 31.896791,
      "std": 0.6338294687704199
    }
  },
  "pre_step": {
    "rows": 54,
    "u_ach": {
      "count": 54,
      "max": 64.097671,
      "mean": 64.00025203703704,
      "min": 63.817359,
      "std": 0.07433180169741248
    }
  },
  "quality_verdict": {
    "status": "PASS",
    "warnings": [
      "lat_p99 missing in collect_csv output"
    ]
  },
  "response_metrics": {
    "consecutive_samples_required": 3,
    "final_tracking_error": -0.011984999999995694,
    "overshoot_abs": 4.600980999999997,
    "settling_time_seconds": 5.0120000000000005,
    "tolerance_abs": 1.0,
    "undershoot_abs": 0.10320899999999966
  },
  "rows": 108,
  "run_id": "v0.8.0-M2-D64-32",
  "step": {
    "first_post_step_u_ach": 36.600981,
    "initial_post_step_error": -4.600980999999997,
    "new_level": 32.0,
    "old_level": 64.0,
    "step_row_index": 54,
    "step_time_seconds": 335.763
  },
  "transitions": [
    {
      "row_index": 0,
      "t_sec": 35.049,
      "u_ach": 64.0,
      "u_cmd": 64.0
    },
    {
      "row_index": 54,
      "t_sec": 335.763,
      "u_ach": 36.600981,
      "u_cmd": 32.0
    }
  ]
}