{
  "consecutive_samples_required": 3,
  "csv_path": "data/raw/v0.8.0/v0.8.0-M4-SINE-L80-A48-T720/collect_csv.csv",
  "final_window_samples": 5,
  "global_metrics": {
    "err_per_sec_max": 0.0,
    "inflight_max": 1.0,
    "lat_p99_count": 0
  },
  "levels": [
    80.0,
    104.0,
    122.0,
    128.0,
    122.0,
    104.0,
    80.0,
    56.0,
    38.0,
    32.0,
    38.0,
    56.0,
    80.0
  ],
  "quality_verdict": {
    "status": "PASS",
    "warnings": [
      "lat_p99 missing in collect_csv output"
    ]
  },
  "rows": 78,
  "run_id": "v0.8.0-M4-SINE-L80-A48-T720",
  "segment_count": 13,
  "segments": [
    {
      "duration_seconds": 25.055,
      "end_index": 5,
      "end_t_sec": 60.106,
      "err_per_sec": {
        "count": 6,
        "max": 0.0,
        "mean": 0.0,
        "min": 0.0,
        "std": 0.0
      },
      "final_tracking_error": 0.018574200000003316,
      "final_window_u_ach": {
        "count": 5,
        "max": 80.073785,
        "mean": 79.9814258,
        "min": 79.802054,
        "std": 0.10882028403151725
      },
      "first_u_ach": 80.0,
      "inflight": {
        "count": 6,
        "max": 1.0,
        "mean": 0.16666666666666666,
        "min": 0.0,
        "std": 0.408248290463863
      },
      "initial_tracking_error": 0.0,
      "lat_p99": {
        "count": 0,
        "max": null,
        "mean": null,
        "min": null,
        "std": null
      },
      "overshoot_abs": 0.07378500000000088,
      "rows": 6,
      "segment_index": 0,
      "settling_time_seconds": 0.0,
      "start_index": 0,
      "start_t_sec": 35.051,
      "u_ach": {
        "count": 6,
        "max": 80.073785,
        "mean": 79.9845215,
        "min": 79.802054,
        "std": 0.09762675619060623
      },
      "u_cmd": 80.0,
      "undershoot_abs": 0.19794600000000173
    },
    {
      "duration_seconds": 25.064999999999998,
      "end_index": 11,
      "end_t_sec": 120.201,
      "err_per_sec": {
        "count": 6,
        "max": 0.0,
        "mean": 0.0,
        "min": 0.0,
        "std": 0.0
      },
      "final_tracking_error": -0.009850999999997612,
      "final_window_u_ach": {
        "count": 5,
        "max": 104.127293,
        "mean": 104.009851,
        "min": 103.918543,
        "std": 0.1055620083836952
      },
      "first_u_ach": 100.571483,
      "inflight": {
        "count": 6,
        "max": 1.0,
        "mean": 0.16666666666666666,
        "min": 0.0,
        "std": 0.408248290463863
      },
      "initial_tracking_error": 3.4285169999999994,
      "lat_p99": {
        "count": 0,
        "max": null,
        "mean": null,
        "min": null,
        "std": null
      },
      "overshoot_abs": 0.12729299999999455,
      "rows": 6,
      "segment_index": 1,
      "settling_time_seconds": 5.0120000000000005,
      "start_index": 6,
      "start_t_sec": 95.136,
      "u_ach": {
        "count": 6,
        "max": 104.127293,
        "mean": 103.43678966666666,
        "min": 100.571483,
        "std": 1.406879675260776
      },
      "u_cmd": 104.0,
      "undershoot_abs": 3.4285169999999994
    },
    {
      "duration_seconds": 25.062000000000012,
      "end_index": 17,
      "end_t_sec": 180.286,
      "err_per_sec": {
        "count": 6,
        "max": 0.0,
        "mean": 0.0,
        "min": 0.0,
        "std": 0.0
      },
      "final_tracking_error": -0.01637479999999414,
      "final_window_u_ach": {
        "count": 5,
        "max": 122.118798,
        "mean": 122.0163748,
        "min": 121.902781,
        "std": 0.10431619694802684
      },
      "first_u_ach": 119.40925,
      "inflight": {
        "count": 6,
        "max": 1.0,
        "mean": 0.5,
        "min": 0.0,
        "std": 0.5477225575051661
      },
      "initial_tracking_error": 2.59075,
      "lat_p99": {
        "count": 0,
        "max": null,
        "mean": null,
        "min": null,
        "std": null
      },
      "overshoot_abs": 0.11879799999999818,
      "rows": 6,
      "segment_index": 2,
      "settling_time_seconds": 5.0120000000000005,
      "start_index": 12,
      "start_t_sec": 155.224,
      "u_ach": {
        "count": 6,
        "max": 122.118798,
        "mean": 121.581854,
        "min": 119.40925,
        "std": 1.0684359826177687
      },
      "u_cmd": 122.0,
      "undershoot_abs": 2.59075
    },
    {
      "duration_seconds": 25.064999999999998,
      "end_index": 23,
      "end_t_sec": 240.373,
      "err_per_sec": {
        "count": 6,
        "max": 0.0,
        "mean": 0.0,
        "min": 0.0,
        "std": 0.0
      },
      "final_tracking_error": -0.02532760000002554,
      "final_window_u_ach": {
        "count": 5,
        "max": 128.108067,
        "mean": 128.02532760000003,
        "min": 127.836932,
        "std": 0.10789748672373944
      },
      "first_u_ach": 127.121717,
      "inflight": {
        "count": 6,
        "max": 1.0,
        "mean": 0.3333333333333333,
        "min": 0.0,
        "std": 0.5163977794943223
      },
      "initial_tracking_error": 0.8782829999999962,
      "lat_p99": {
        "count": 0,
        "max": null,
        "mean": null,
        "min": null,
        "std": null
      },
      "overshoot_abs": 0.10806700000000546,
      "rows": 6,
      "segment_index": 3,
      "settling_time_seconds": 0.0,
      "start_index": 18,
      "start_t_sec": 215.308,
      "u_ach": {
        "count": 6,
        "max": 128.108067,
        "mean": 127.87472583333334,
        "min": 127.121717,
        "std": 0.381312007222124
      },
      "u_cmd": 128.0,
      "undershoot_abs": 0.8782829999999962
    },
    {
      "duration_seconds": 25.06400000000002,
      "end_index": 29,
      "end_t_sec": 300.459,
      "err_per_sec": {
        "count": 6,
        "max": 0.0,
        "mean": 0.0,
        "min": 0.0,
        "std": 0.0
      },
      "final_tracking_error": -0.010984600000000455,
      "final_window_u_ach": {
        "count": 5,
        "max": 122.087567,
        "mean": 122.0109846,
        "min": 121.895556,
        "std": 0.09984486086073768
      },
      "first_u_ach": 122.836479,
      "inflight": {
        "count": 6,
        "max": 1.0,
        "mean": 0.3333333333333333,
        "min": 0.0,
        "std": 0.5163977794943223
      },
      "initial_tracking_error": -0.8364789999999971,
      "lat_p99": {
        "count": 0,
        "max": null,
        "mean": null,
        "min": null,
        "std": null
      },
      "overshoot_abs": 0.8364789999999971,
      "rows": 6,
      "segment_index": 4,
      "settling_time_seconds": 0.0,
      "start_index": 24,
      "start_t_sec": 275.395,
      "u_ach": {
        "count": 6,
        "max": 122.836479,
        "mean": 122.148567,
        "min": 121.895556,
        "std": 0.3486383480496647
      },
      "u_cmd": 122.0,
      "undershoot_abs": 0.10444400000000087
    },
    {
      "duration_seconds": 25.063999999999965,
      "end_index": 35,
      "end_t_sec": 360.542,
      "err_per_sec": {
        "count": 6,
        "max": 0.0,
        "mean": 0.0,
        "min": 0.0,
        "std": 0.0
      },
      "final_tracking_error": 0.022559200000003443,
      "final_window_u_ach": {
        "count": 5,
        "max": 104.125678,
        "mean": 103.9774408,
        "min": 103.932743,
        "std": 0.08331112111656795
      },
      "first_u_ach": 106.596733,
      "inflight": {
        "count": 6,
        "max": 1.0,
        "mean": 0.16666666666666666,
        "min": 0.0,
        "std": 0.408248290463863
      },
      "initial_tracking_error": -2.5967330000000004,
      "lat_p99": {
        "count": 0,
        "max": null,
        "mean": null,
        "min": null,
        "std": null
      },
      "overshoot_abs": 2.5967330000000004,
      "rows": 6,
      "segment_index": 5,
      "settling_time_seconds": 5.012999999999977,
      "start_index": 30,
      "start_t_sec": 335.478,
      "u_ach": {
        "count": 6,
        "max": 106.596733,
        "mean": 104.4139895,
        "min": 103.932743,